well,17
good,19
supported,1
free,12
thrilled,2
support,9
right,19
fortunate,2
patience,2
sweet,1
available,7
wow,4
protect,5
trump,11
glad,5
cool,5
pretty,7
enough,4
advocates,1
clear,2
reform,1
interests,1
like,32
top,5
guidance,3
clean,1
work,19
benefit,1
patient,1
energize,1
recover,1
great,14
nicer,2
afford,4
cheaper,1
win,5
enjoying,1
love,11
worked,1
supreme,3
excellent,2
nice,4
bless,1
reputable,1
advanced,1
fastest,1
loved,4
powerful,1
won,8
thank,10
strong,3
interesting,1
endorsement,1
prominent,1
amazing,2
beautiful,3
premier,5
vigilant,1
lead,2
supporting,4
uphold,1
reputation,2
proven,1
correct,3
pure,1
decency,1
better,7
best,9
luck,3
beauty,3
fun,2
sexy,4
geeky,2
pleased,2
promised,1
genius,1
survival,3
friendly,1
subsidizes,1
optimistic,1
foremost,1
loving,1
wonderful,1
noble,1
appreciated,1
proud,9
intelligent,1
perfectly,1
intelligence,1
enjoy,2
charming,4
elegant,2
passionate,2
mesmerizing,2
graceful,2
ideal,2
witty,2
captivating,2
angelic,2
smile,3
ready,1
wins,3
supports,2
quicker,1
willingly,1
perfect,1
cure,2
success,1
hot,1
helping,1
faster,2
recommend,1
credible,1
selective,1
excited,7
awards,1
fine,1
winner,1
progressive,2
incredible,1
champ,1
comprehensive,1
easy,2
super,2
promise,2
sustainable,1
subsidize,1
accessible,1
welcome,1
improved,1
leading,2
fast,2
humane,1
smart,1
calm,1
greatest,1
worth,1
unity,1
holy,1
supporter,1
soft,1
impressive,2
positive,2
congratulations,4
appreciate,3
important,2
thankful,1
renown,1
prefer,1
proves,1
traction,1
rich,1
awesome,1
winning,1
state-of-the-art,1
innovation,3
trust,1
sensible,1
effective,4
prowess,1
privileged,1
sincerely,1
supportive,1
exciting,1
equitable,1
gold,1
humble,1
lovely,1
loves,1
kindness,1
polite,1
encourage,1
innovative,1
healthy,1
glory,2
affluent,1
refund,1
silent,1
brilliant,1
confidence,3
refunded,1
wonder,1
masters,1
master,1
praise,1
fave,1
prestigious,1
astonished,1
yay,1
wise,1
fans,1
precious,1
safe,1
leads,1
